Date,Daily_Demand,Forecast,Error,Absolute_Error,Percentage_Error
2025-05-26,46044,45238.86666666667,805.1333333333314,805.1333333333314,1.7486172646454075
2025-05-27,49835,45180.92888888889,4654.071111111109,4654.071111111109,9.338960792838584
2025-05-28,40715,45335.05985185185,-4620.059851851853,4620.059851851853,11.347316349875605
2025-05-29,51080,45320.228513580245,5759.771486419755,5759.771486419755,11.275981766679239
2025-05-30,51971,45294.36946403292,6676.6305359670805,6676.6305359670805,12.846838690744994
2025-05-31,50428,45380.44844616735,5047.551553832651,5047.551553832651,10.009422451480628
2025-06-01,42745,45518.063394372926,-2773.0633943729263,2773.0633943729263,6.487456765406307
2025-06-02,45042,45387.765507518685,-345.7655075186849,345.7655075186849,0.7676513199207071
2025-06-03,42458,45551.69102443598,-3093.6910244359824,3093.6910244359824,7.286473749201522
2025-06-04,43575,45448.34739191718,-1873.347391917181,1873.347391917181,4.299133429528815
2025-06-05,44852,45387.45897164776,-535.4589716477567,535.4589716477567,1.1938352172651312
2025-06-06,45416,45364.60760403601,51.39239596398693,51.39239596398693,0.11315923014793669
2025-06-07,42233,45165.06119083721,-2932.0611908372084,2932.0611908372084,6.9425832662543705
2025-06-08,47208,45164.12989719847,2043.8701028015275,2043.8701028015275,4.329499455180325
2025-06-09,41882,45227.70089377174,-3345.70089377174,3345.70089377174,7.9883981036525
2025-06-10,42132,45011.2575902308,-2879.2575902308017,2879.2575902308017,6.833897252043107
2025-06-11,46283,44942.6328432385,1340.367156761502,1340.367156761502,2.8960247969265214
2025-06-12,48866,44972.75393801311,3893.246061986887,3893.246061986887,7.967187946602724
2025-06-13,47472,44983.812402613556,2488.1875973864444,2488.1875973864444,5.241379333894599
2025-06-14,54254,44847.40614936733,9406.593850632671,9406.593850632671,17.338065120788645
2025-06-15,41843,44793.01968767958,-2950.0196876795817,2950.0196876795817,7.05021075850102
2025-06-16,56144,44864.75367726889,11279.24632273111,11279.24632273111,20.089851672006105
2025-06-17,44783,44824.67879984453,-41.67879984452884,41.67879984452884,0.09306835148276989
2025-06-18,55393,44563.63475983935,10829.365240160652,10829.365240160652,19.550060910513338
2025-06-19,41609,44416.289251833994,-2807.289251833994,2807.289251833994,6.746831819639968
2025-06-20,50936,44564.098893561786,6371.901106438214,6371.901106438214,12.509622087400293
2025-06-21,36064,44570.50219001385,-8506.502190013853,8506.502190013853,23.587239879142228
2025-06-22,43826,44539.61892968098,-713.6189296809825,713.6189296809825,1.6283003917331778
2025-06-23,44403,44582.272894003676,-179.2728940036759,179.2728940036759,0.403740499524077
2025-06-24,49290,44743.44865713713,4546.551342862869,4546.551342862869,9.224084688299593
2025-06-25,46737,45039.496945708364,1697.5030542916356,1697.5030542916356,3.6320325529914967
2025-06-26,46632,45032.85128834309,1599.1487116569115,1599.1487116569115,3.4292947153390623
2025-06-27,52990,45027.91536832489,7962.084631675112,7962.084631675112,15.025636217541258
2025-06-28,50090,45017.67721887399,5072.322781126008,5072.322781126008,10.126418009834314
2025-06-29,48368,45007.592175717116,3360.4078242828837,3360.4078242828837,6.9475848169924
2025-06-30,47942,44998.03293277325,2943.967067226753,2943.967067226753,6.140684717422621
2025-07-01,45482,44985.28574899345,496.71425100655324,496.71425100655324,1.0921117167375076
2025-07-02,48579,44967.526494147474,3611.4735058525257,3611.4735058525257,7.434227764780102
2025-07-03,44390,44953.5185270351,-563.5185270350994,563.5185270350994,1.2694717887702172
2025-07-04,51968,44933.57944378841,7034.420556211589,7034.420556211589,13.536061723005677
2025-07-05,52594,44916.420512184115,7677.579487815885,7677.579487815885,14.597823873095573
2025-07-06,39075,44900.71923020199,-5825.71923020199,5825.71923020199,14.909070326812515
2025-07-07,43308,44885.25628440753,-1577.2562844075292,1577.2562844075292,3.641951335567399
2025-07-08,43684,44875.9294541932,-1191.9294541932031,1191.9294541932031,2.728526357918696
2025-07-09,46227,44866.32277275969,1360.6772272403105,1360.6772272403105,2.943468594631515
2025-07-10,48214,44854.27683539262,3359.723164607378,3359.723164607378,6.96835600573978
2025-07-11,42544,44849.044143564686,-2305.0441435646862,2305.0441435646862,5.418024030567616
2025-07-12,47923,44845.92452024224,3077.075479757761,3077.075479757761,6.420874068313255
2025-07-13,52669,44841.69687298321,7827.303127016792,7827.303127016792,14.861309550241684
2025-07-14,40740,44836.959688662195,-4096.959688662195,4096.959688662195,10.056356624109462
2025-07-15,43137,44836.61147330535,-1699.6114733053473,1699.6114733053473,3.9400316973951535
2025-07-16,42733,44838.06453282621,-2105.064532826211,2105.064532826211,4.926086473746778
2025-07-17,46244,44837.17489467812,1406.8251053218773,1406.8251053218773,3.042178672523738
2025-07-18,51084,44837.59143117257,6246.408568827428,6246.408568827428,12.22772016448874
2025-07-19,46171,44846.723320217,1324.2766797829972,1324.2766797829972,2.86820012514998
2025-07-20,47602,44861.07112249644,2740.92887750356,2740.92887750356,5.758012011057435
2025-07-21,47643,44870.97019679427,2772.0298032057326,2772.0298032057326,5.8183359637422765
2025-07-22,44986,44880.98579702028,105.01420297972072,105.01420297972072,0.23343752051687353
2025-07-23,44209,44892.36469259826,-683.3646925982612,683.3646925982612,1.5457592178023958
2025-07-24,39929,44902.70108588475,-4973.70108588475,4973.70108588475,12.456362758608403
2025-07-25,48588,44908.00950017633,3679.990499823667,3679.990499823667,7.5738670038356535
2025-07-26,45541,44903.62658532527,637.3734146747302,637.3734146747302,1.3995595500202678
2025-07-27,50586,44899.31909522467,5686.680904775327,5686.680904775327,11.241610138724798
2025-07-28,42546,44895.032552788005,-2349.032552788005,2349.032552788005,5.52115957501999
2025-07-29,41542,44890.9443972518,-3348.9443972517984,3348.9443972517984,8.061586821173266
2025-07-30,48186,44887.056137969616,3298.9438620303845,3298.9438620303845,6.846270414706314
2025-07-31,40766,44883.356911476156,-4117.356911476156,4117.356911476156,10.099977705627621
2025-08-01,47167,44879.95928355892,2287.040716441079,2287.040716441079,4.848815308247459
2025-08-02,47771,44877.04037653931,2893.959623460687,2893.959623460687,6.057984181743499
2025-08-03,43515,44874.49110485612,-1359.491104856119,1359.491104856119,3.1241896009562655
2025-08-04,40676,44872.52149355837,-4196.521493558372,4196.521493558372,10.31694732411833
2025-08-05,47025,44871.05819293751,2153.941807062489,2153.941807062489,4.5804185158160315
2025-08-06,46924,44870.06949169536,2053.930508304642,2053.930508304642,4.37714284439656
2025-08-07,45262,44869.563265271616,392.4367347283842,392.4367347283842,0.8670335706075387
2025-08-08,49283,44869.35105897424,4413.648941025764,4413.648941025764,8.955722949142226
2025-08-09,47734,44869.45200184805,2864.547998151953,2864.547998151953,6.0010642270749415
2025-08-10,42352,44869.95784072989,-2517.9578407298904,2517.9578407298904,5.945310353064532
2025-08-11,32782,44870.65496396874,-12088.654963968736,12088.654963968736,36.87589214803471
2025-08-12,47708,44871.47931209296,2836.5206879070392,2836.5206879070392,5.945587087924539
2025-08-13,46949,44872.472060063286,2076.5279399367137,2076.5279399367137,4.4229439177335275
2025-08-14,42654,44873.65580577666,-2219.6558057766597,2219.6558057766597,5.203863191674074
2025-08-15,45763,44874.89061685903,888.1093831409671,888.1093831409671,1.9406712478224046
2025-08-16,42405,44876.11815299346,-2471.118152993462,2471.118152993462,5.82742165544974
2025-08-17,44919,44877.41626160397,41.58373839603155,41.58373839603155,0.09257494244313441
2025-08-18,47394,44878.743755951684,2515.256244048316,2515.256244048316,5.307119559539849
2025-08-19,47130,44879.81110380951,2250.1888961904915,2250.1888961904915,4.774430078910442
2025-08-20,41118,44880.43576985328,-3762.4357698532767,3762.4357698532767,9.150337491739084
2025-08-21,40718,44880.75128895524,-4162.751288955238,4162.751288955238,10.223368753266953
2025-08-22,39162,44880.74347201975,-5718.743472019749,5718.743472019749,14.602787069148023
2025-08-23,42583,44880.35609800045,-2297.3560980004477,2297.3560980004477,5.395007627458018
2025-08-24,47298,44879.61126507098,2418.3887349290235,2418.3887349290235,5.113088787959372
2025-08-25,54155,44878.66465723412,9276.33534276588,9276.33534276588,17.12923154420807
2025-08-26,47522,44877.83259296442,2644.1674070355803,2644.1674070355803,5.564091172584446
2025-08-27,44183,44877.116376222424,-694.1163762224242,694.1163762224242,1.5710032732553791
2025-08-28,44622,44876.5191703369,-254.51917033689824,254.51917033689824,0.5703894274951778
2025-08-29,39412,44876.03832943973,-5464.0383294397325,5464.0383294397325,13.863895081294359
2025-08-30,49587,44875.6710691554,4711.3289308445965,4711.3289308445965,9.501137255418953
2025-08-31,42500,44875.41487441138,-2375.4148744113772,2375.4148744113772,5.58921146920324
2025-09-01,44022,44875.263394106456,-853.263394106456,853.263394106456,1.9382658536787425
2025-09-02,40635,44875.20416135869,-4240.204161358692,4240.204161358692,10.434857047763483
2025-09-03,49556,44875.22792990879,4680.7720700912105,4680.7720700912105,9.445419465031904
2025-09-04,50050,44875.318144453806,5174.681855546194,5174.681855546194,10.339024686405983
2025-09-05,43862,44875.460142837685,-1013.4601428376845,1013.4601428376845,2.3105652793709464
2025-09-06,38948,44875.6398312091,-5927.639831209097,5927.639831209097,15.219368982256077
2025-09-07,39174,44875.842383407005,-5701.842383407005,5701.842383407005,14.555170223635589
2025-09-08,44242,44876.0587608881,-634.0587608881033,634.0587608881033,1.433160256968725
2025-09-09,44494,44876.27898618942,-382.2789861894198,382.2789861894198,0.8591697446608976
2025-09-10,42725,44876.489691038085,-2151.489691038085,2151.489691038085,5.035669259305055
2025-09-11,43336,44876.6841819404,-1540.6841819403999,1540.6841819403999,3.555206253323795
2025-09-12,42080,44876.85767760199,-2796.857677601991,2796.857677601991,6.646524899244274
2025-09-13,45679,44877.00386485328,801.9961351467209,801.9961351467209,1.7557217433541032
2025-09-14,40100,44877.11546682249,-4777.115466822492,4777.115466822492,11.913006151677036
2025-09-15,44652,44877.18962848793,-225.18962848793308,225.18962848793308,0.5043214827732981
2025-09-16,51198,44877.22534433775,6320.7746556622515,6320.7746556622515,12.345745255014359
2025-09-17,42627,44877.21898042887,-2250.218980428872,2250.218980428872,5.278858424071297
2025-09-18,43792,44877.168154578096,-1085.1681545780957,1085.1681545780957,2.4780054680720127
2025-09-19,50524,44877.08005627039,5646.919943729612,5646.919943729612,11.17670798774763
2025-09-20,46266,44876.968199150964,1389.0318008490358,1389.0318008490358,3.002273377532174
2025-09-21,46099,44876.84209615749,1222.1579038425116,1222.1579038425116,2.65115925257058
2025-09-22,47080,44876.71205029542,2203.2879497045797,2203.2879497045797,4.679880946696219
2025-09-23,45771,44876.59058203859,894.4094179614112,894.4094179614112,1.9540963010670758
2025-09-24,47713,44876.489892604164,2836.510107395836,2836.510107395836,5.944941855250845
2025-09-25,46612,44876.41740044983,1735.5825995501727,1735.5825995501727,3.7234673464991266
2025-09-26,47298,44876.37022736601,2421.629772633991,2421.629772633991,5.119941165871687
2025-09-27,47398,44876.34535573746,2521.6546442625404,2521.6546442625404,5.320170986671464
2025-09-28,40492,44876.339561917484,-4384.339561917484,4384.339561917484,10.827668581244405
2025-09-29,43399,44876.349603000075,-1477.3496030000751,1477.3496030000751,3.4041097790273396
2025-09-30,45380,44876.3722207949,503.6277792050969,503.6277792050969,1.1098011881998608
2025-10-01,50333,44876.40413234103,5456.595867658973,5456.595867658973,10.840990737009463
2025-10-02,40065,44876.44215694885,-4811.442156948848,4811.442156948848,12.009090620114433
2025-10-03,44883,44876.48342346852,6.516576531481405,6.516576531481405,0.014519030660787836
2025-10-04,43483,44876.52527325384,-1393.525273253843,1393.525273253843,3.204758809773573
2025-10-05,44690,44876.56551088051,-186.56551088050765,186.56551088050765,0.4174659003815342
2025-10-06,52675,44876.60235648193,7798.397643518067,7798.397643518067,14.804741610855372
2025-10-07,41025,44876.63444065768,-3851.6344406576827,3851.6344406576827,9.388505644503798
2025-10-08,43349,44876.660842566045,-1527.6608425660452,1527.6608425660452,3.524097078516333
2025-10-09,41461,44876.68091195531,-3415.6809119553072,3415.6809119553072,8.238298429741944
2025-10-10,44015,44876.694309480845,-861.6943094808448,861.6943094808448,1.9577287503824714
2025-10-11,41691,44876.70113009561,-3185.7011300956074,3185.7011300956074,7.641220239609526
2025-10-12,45219,44876.7016950341,342.2983049659015,342.2983049659015,0.7569789357701442
2025-10-13,43956,44876.69649561518,-920.6964956151787,920.6964956151787,2.0945866221111538
2025-10-14,46255,44876.686249973915,1378.3137500260855,1378.3137500260855,2.9798156956568707
2025-10-15,49632,44876.671942745634,4755.328057254366,4755.328057254366,9.581173551850352
2025-10-16,48786,44876.65468655422,3909.3453134457814,3909.3453134457814,8.013252395043212
2025-10-17,50055,44876.63566462809,5178.364335371909,5178.364335371909,10.345348787078033
2025-10-18,43092,44876.61622076807,-1784.6162207680682,1784.6162207680682,4.1414095905691735
2025-10-19,55882,44876.5978229744,11005.4021770256,11005.4021770256,19.694001963110843
2025-10-20,38558,44876.58174853121,-6318.581748531207,6318.581748531207,16.38721341493648
2025-10-21,48548,44876.568866843874,3671.4311331561257,3671.4311331561257,7.562476586380748
2025-10-22,44195,44876.55975920009,-681.5597592000922,681.5597592000922,1.5421648584683612
2025-10-23,38715,44876.55468283025,-6161.554682830247,6161.554682830247,15.91516126263786
2025-10-24,45578,44876.55348618997,701.4465138100277,701.4465138100277,1.53900239986403
2025-10-25,45248,44876.555605976166,371.4443940238343,371.4443940238343,0.8209078722238204
2025-10-26,46801,44876.56021282704,1924.4397871729598,1924.4397871729598,4.1119629648361355
2025-10-27,48264,44876.56654567575,3387.433454324251,3387.433454324251,7.018550999345788
2025-10-28,53019,44876.57391867369,8142.42608132631,8142.42608132631,15.357562536687434
2025-10-29,47026,44876.581730565566,2149.4182694344345,2149.4182694344345,4.570701887114435
2025-10-30,51632,44876.589468151076,6755.410531848924,6755.410531848924,13.083766911699959
2025-10-31,47924,44876.596709729616,3047.403290270384,3047.403290270384,6.358824994304281
2025-11-01,47463,44876.603128975905,2586.396871024095,2586.396871024095,5.449290754954586
2025-11-02,48900,44876.60849471014,4023.391505289859,4023.391505289859,8.227794489345316
2025-11-03,47535,44876.61266375153,2658.3873362484665,2658.3873362484665,5.592484140629991
2025-11-04,43550,44876.61557676811,-1326.615576768112,1326.615576768112,3.0461896137040463
2025-11-05,41514,44876.61724563104,-3362.617245631038,3362.617245631038,8.099959641641465
2025-11-06,45213,44876.617741936,336.38225806399714,336.38225806399714,0.7439945548050276
2025-11-07,43365,44876.61718531195,-1511.6171853119522,1511.6171853119522,3.485800035309471
2025-11-08,45045,44876.61573007014,168.38426992986206,168.38426992986206,0.3738134530577468
2025-11-09,36955,44876.61355734062,-7921.613557340621,7921.613557340621,21.435836983738657
2025-11-10,44346,44876.610865602626,-530.6108656026263,530.6108656026263,1.1965247499269975
2025-11-11,46140,44876.60785678619,1263.3921432138086,1263.3921432138086,2.738171094958406
2025-11-12,35366,44876.6047288446,-9510.604728844599,9510.604728844599,26.89194347351863
2025-11-13,45697,44876.601669952244,820.3983300477557,820.3983300477557,1.7953001948656493
2025-11-14,47117,44876.5988506182,2240.4011493818034,2240.4011493818034,4.754974105698163
2025-11-15,43689,44876.596414213935,-1187.5964142139346,1187.5964142139346,2.718296171150483
2025-11-16,46609,44876.59447180261,1732.4055281973924,1732.4055281973924,3.7168905752052015
2025-11-17,52265,44876.59309870842,7388.406901291579,7388.406901291579,14.136433370882195
2025-11-18,44330,44876.5923279731,-546.5923279730996,546.5923279730996,1.233007732851567
2025-11-19,39399,44876.5921448064,-5477.592144806396,5477.592144806396,13.90287099877255
2025-11-20,44747,44876.59249134889,-129.5924913488925,129.5924913488925,0.2896115747399658
2025-11-21,40181,44876.593278832406,-4695.593278832406,4695.593278832406,11.686103578388806
2025-11-22,41552,44876.59439615348,-3324.5943961534795,3324.5943961534795,8.001045427785616
2025-11-23,38164,44876.59571993093,-6712.595719930927,6712.595719930927,17.58881595202528
2025-11-24,43373,44876.59712772228,-1503.597127722278,1503.597127722278,3.4666661926135567
2025-11-25,46210,44876.598511780496,1333.4014882195042,1333.4014882195042,2.8855258347100285
2025-11-26,46483,44876.599788412284,1606.4002115877156,1606.4002115877156,3.4558875537028926
2025-11-27,43877,44876.60089650349,-999.6008965034925,999.6008965034925,2.2781887925416333
2025-11-28,46769,44876.60179576449,1892.3982042355128,1892.3982042355128,4.046266125500893
2025-11-29,44999,44876.602464604446,122.39753539555386,122.39753539555386,0.27200056755828766
2025-11-30,47057,44876.60289781955,2180.3971021804464,2180.3971021804464,4.6335233911648555
2025-12-01,50918,44876.60310408922,6041.396895910781,6041.396895910781,11.864953250148828
2025-12-02,47645,44876.603103259666,2768.3968967403343,2768.3968967403343,5.810466778760278
2025-12-03,42359,44876.60292354463,-2517.602923544633,2517.602923544633,5.943489986885037
2025-12-04,45149,44876.60259887108,272.3974011289174,272.3974011289174,0.6033298658418069
2025-12-05,52032,44876.60216627451,7155.397833725488,7155.397833725488,13.751917730868483
2025-12-06,43490,44876.6016636293,-1386.6016636292989,1386.6016636292989,3.1883229791430185
2025-12-07,48207,44876.60112768573,3330.3988723142684,3330.3988723142684,6.908537914232929
2025-12-08,43889,44876.60059243153,-987.6005924315323,987.6005924315323,2.250223501176906
2025-12-09,41966,44876.60008784359,-2910.600087843588,2910.600087843588,6.935614754428794
2025-12-10,52026,44876.59963886035,7149.400361139647,7149.400361139647,13.741975860415268
2025-12-11,47848,44876.59926463561,2971.40073536439,2971.40073536439,6.210083462975234
2025-12-12,39733,44876.59897823059,-5143.5989782305915,5143.5989782305915,12.945408044271995
2025-12-13,53474,44876.59878654346,8597.401213456542,8597.401213456542,16.077722282710365
2025-12-14,46176,44876.598690429826,1299.401309570174,1299.401309570174,2.8140187750566827
2025-12-15,42936,44876.59868509021,-1940.5986850902118,1940.5986850902118,4.519747263578842
2025-12-16,40674,44876.59876078609,-4202.598760786088,4202.598760786088,10.332396028878616
2025-12-17,52793,44876.598903752194,7916.401096247806,7916.401096247806,14.99517189068211
2025-12-18,47985,44876.59909725365,3108.400902746347,3108.400902746347,6.477859545162754
2025-12-19,46847,44876.59932289634,1970.4006771036584,1970.4006771036584,4.206033848706765
2025-12-20,50230,44876.59956216602,5353.400437833981,5353.400437833981,10.657775110161221
2025-12-21,48916,44876.59979785992,4039.400202140081,4039.400202140081,8.257830162196585
2025-12-22,49455,44876.60001516084,4578.399984839161,4578.399984839161,9.25770899775384
2025-12-23,39758,44876.60020246109,-5118.600202461093,5118.600202461093,12.874390569095763
2025-12-24,49775,44876.600351878755,4898.399648121245,4898.399648121245,9.841084175030126
2025-12-25,49300,44876.60045935064,4423.399540649363,4423.399540649363,8.972412861357734
2025-12-26,46305,44876.60052426964,1428.399475730359,1428.399475730359,3.084762932146332
2025-12-27,50475,44876.600548798226,5598.399451201774,5598.399451201774,11.091430314416591
2025-12-28,43791,44876.60053720804,-1085.60053720804,1085.60053720804,2.4790494330068733
2025-12-29,50181,44876.60049525616,5304.399504743837,5304.399504743837,10.570533677574852
2025-12-30,45196,44876.60042961123,319.39957038877037,319.39957038877037,0.7066987573873138
